date,total_closed_pnl,avg_closed_pnl,total_trade_volume,trade_count,net_trade_size,index_value,classification
2023-05-01,0.0,0.0,476.99280999999996,3,0.25129999999999997,63,Greed
2023-12-05,0.0,0.0,50005.82917,9,10.61479,75,Extreme Greed
2023-12-14,-205.43473700000007,-18.675885181818188,113203.34547,11,-3568.61479,72,Greed
2023-12-15,-24.632033999999997,-12.316016999999999,10609.956,2,3558.0,70,Greed
2023-12-16,0.0,0.0,15348.76138,3,39897.0,67,Greed
2023-12-17,304.982785,21.78448464285714,116278.018081,14,-39897.00000000001,73,Greed
2023-12-18,0.0,0.0,31164.1856,2,14.306,65,Greed
2023-12-19,1000.5386120000001,66.70257413333334,91602.41239,15,-14.305999999996857,73,Greed
2023-12-20,162.732282,9.040682333333333,141636.78283,18,0.0,74,Greed
2023-12-21,537.211402,10.963498000000001,125233.97907,49,-1.1368683772161603e-13,70,Greed
2023-12-22,141.832675,14.1832675,88874.27747,10,2449.3999999999996,74,Greed
2023-12-23,146.936704,11.302823384615383,78438.24836,13,-2449.399999999994,70,Greed
2023-12-24,1008.619956,25.862050153846155,402954.92766,39,-2.9103830456733704e-11,71,Greed
2023-12-25,-245.081348,-81.69378266666666,59948.50502,3,0.0,73,Greed
2023-12-27,-704.8892269999999,-25.174615249999995,171411.03608,28,0.0,73,Greed
2023-12-28,-970.730876,-42.20569026086957,100117.24515,23,0.0,73,Greed
2023-12-29,508.92214299999995,10.178442859999999,569559.70558,50,21.72980000000007,65,Greed
2023-12-30,354.998648,6.826897076923077,702550.20174,52,-21.72980000001553,68,Greed
2024-01-01,-129.53146,-7.196192222222223,264239.51261,18,0.0,65,Greed
2024-01-02,783.979116,46.11641858823529,121348.72987200001,17,0.0,71,Greed
2024-01-03,866.015507,12.925604582089552,394499.36837399995,67,0.0,70,Greed
2024-01-04,-67.60364,-13.520728,99792.53588000001,5,0.0,68,Greed
2024-01-05,164.141565,2.486993409090909,1703942.66731,66,-1.4210854715202004e-14,72,Greed
2024-01-06,135.58166400000002,6.16280290909091,298521.41284,22,0.0,70,Greed
2024-01-07,-835.681235,-8.615270463917525,1048850.051251,97,8310.796709999995,71,Greed
2024-01-08,-269.874439,-2.1083940546875,1522452.47911,128,-6817.796710000002,71,Greed
2024-01-09,-826.349863,-11.804998042857143,870051.9215299999,70,-1472.0887599999987,76,Extreme Greed
2024-01-10,-1517.091342,-7.860576901554404,2057479.485642,193,-20.91124000000127,73,Greed
2024-01-11,-164.08950099999998,-7.813785761904761,305314.08634,21,1.0,76,Extreme Greed
2024-01-12,-1925.519024,-275.0741462857143,200082.27383999998,7,1538.0,71,Greed
2024-01-15,152.85358,10.918112857142857,50636.080449999994,14,0.9293199999999999,52,Neutral
2024-01-16,-2299.171458,-255.4634953333333,116427.3314,9,-472.1806200000001,64,Greed
2024-01-17,813.2741110000001,15.344794547169812,800831.0522700001,53,-2.2737367544323206e-13,60,Greed
2024-01-18,68.93319,1.4985476086956522,424631.50679,46,10.102399999999996,63,Greed
2024-01-19,-385.419235,-8.029567395833334,428428.961,48,1656.8975999999998,51,Neutral
2024-01-20,-146.57487000000003,-1.3827817924528305,1070090.53039,106,-10948.640000000014,52,Neutral
2024-01-21,266.58114600000005,24.234649636363642,103129.73894400001,11,-44166.16753,56,Greed
2024-01-22,1375.640959,16.18401128235294,337878.99275000003,85,11631.96587,55,Greed
2024-01-23,-369.2447299999998,-8.20543844444444,414518.917112,45,79406.84967000001,50,Neutral
2024-01-24,-2808.353815,-41.29932080882353,965084.596676,68,46412.821990000004,48,Neutral
2024-01-25,-3093.6293849999997,-515.6048975,66566.13906,6,-756.8299999999999,52,Neutral
2024-01-26,90.2,18.04,11773.211116,5,55267.0,49,Neutral
2024-01-28,-2478.06972,-225.27906545454545,18109.007999999998,11,-1068.0,54,Neutral
2024-01-29,486.562542,6.5751694864864865,414208.23184799997,74,-1276.4450000000215,55,Greed
2024-01-30,-173.65419100000003,-3.5439630816326537,401011.34982,49,7.105427357601002e-15,61,Greed
2024-01-31,-799.840817,-0.93113017112922,6305647.3764390005,859,40885.99895000002,60,Greed
2024-02-01,0.0,0.0,2008.1847710000002,6,44986.0,63,Greed
2024-02-02,456.423473,10.867225547619048,474278.433764,42,-42016.99999999999,63,Greed
2024-02-03,223.30918699999998,3.9876640535714283,603819.98881,56,9564.990109999999,60,Greed
2024-02-04,47.62389499999999,1.360682714285714,203187.53669,35,20818.40989,60,Greed
2024-02-05,-33.45419400000003,-0.4646415833333337,770198.24871,72,3.637978807091713e-12,60,Greed
2024-02-06,-215.615907,-0.19817638511029412,8047153.469136,1088,5619943.000360005,64,Greed
2024-02-07,241.24212,16.082808,6758.70464,15,11788.5,62,Greed
2024-02-08,770.756024,77.07560240000001,26051.1241,10,-5608949.699999999,66,Greed
2024-02-11,983.443176,28.924799294117648,212311.821349,34,25512.813449999994,71,Greed
2024-02-12,913.8817869999998,57.11761168749999,227247.68179,16,-37.81380999999999,70,Greed
2024-02-13,559.44389,39.960277857142856,1999.9932,14,-33158.0,79,Extreme Greed
2024-02-14,3830.599833,34.509908405405405,320839.927319,111,-46060.928089999994,74,Greed
2024-02-15,1840.797677,29.219010746031746,185188.107677,63,-22644.57191,72,Greed
2024-02-16,5491.768834,30.174554032967034,564896.535928,182,17258.022450000048,72,Greed
2024-02-17,1929.6418,20.52810425531915,406118.06327,94,18772.57755,76,Extreme Greed
2024-02-18,477.6248299999999,4.923967319587628,157048.21183000001,97,0.0,72,Greed
2024-02-19,4317.768563,42.750183792079206,286377.1492,101,2.9103830456733704e-11,75,Extreme Greed
2024-02-20,3263.628824,83.68279035897436,119419.723704,39,-35646.0,72,Greed
2024-02-21,1858.7985700000002,84.49084409090909,108047.53806,22,9999.600000000006,78,Extreme Greed
2024-02-22,3894.1050699999996,44.25119397727272,373033.916586,88,5421.400000000009,74,Greed
2024-02-23,1418.55293,9.91995055944056,111106.02652999999,143,3.637978807091713e-12,76,Extreme Greed
2024-02-25,-30.7705,-6.1541,4480.1295,5,0.0,74,Greed
2024-02-26,4416.8473,113.25249487179488,192187.18292999998,39,-7418.0,72,Greed
2024-02-27,888.511733,14.103360841269842,209362.29179000002,63,-34708.19999999999,79,Extreme Greed
2024-02-28,2503.747235,55.63882744444444,171107.101114,45,0.0,82,Extreme Greed
2024-02-29,9813.996992,84.60342234482759,395666.685727,116,-2740609.0,80,Extreme Greed
2024-03-01,8244.241409,60.176944591240876,472974.663145,137,0.0,80,Extreme Greed
2024-03-02,230.90060000000005,7.448406451612905,63197.542455,31,20751.0,80,Extreme Greed
2024-03-03,8361.086245,105.83653474683545,390745.677042,79,0.0,83,Extreme Greed
2024-03-04,27799.775742,92.66591914,1577996.746285,300,186833.3999999985,82,Extreme Greed
2024-03-05,19791.026041,109.95014467222222,841810.2949559999,180,-205063.0,90,Extreme Greed
2024-03-06,6814.825139,83.10762364634145,327217.990646,82,0.0,75,Extreme Greed
2024-03-08,4271.886236,63.7594960597015,183583.229574,67,201.00000000023283,81,Extreme Greed
2024-03-09,9949.501624,85.03847541880343,658178.765539,117,0.0,84,Extreme Greed
2024-03-10,2482.9272,59.117314285714286,219973.8624,42,0.0,79,Extreme Greed
2024-03-11,3588.179495,85.43284511904761,176519.42601,42,-1.4551915228366852e-11,82,Extreme Greed
2024-03-12,3039.166,379.89575,103040.842,8,0.0,81,Extreme Greed
2024-03-13,0.0,0.0,6000.8022599999995,7,1.5126,81,Extreme Greed
2024-03-14,3465.865832,192.5481017777778,205933.17923,18,-1.5126000000163913,88,Extreme Greed
2024-03-15,6236.513651,100.58892985483871,351894.414518,62,-1126427.346500001,83,Extreme Greed
2024-03-16,228.57984,28.57248,37223.66167,8,-1112342.8828,81,Extreme Greed
2024-03-17,503.293955,21.882345869565217,99506.94409,23,422.0293,79,Extreme Greed
2024-03-18,1456.9577,76.68198421052631,90458.06317,19,-357.07670000000144,77,Extreme Greed
2024-03-19,668.797973,27.86658220833333,219884.87557,24,984.0849000000162,79,Extreme Greed
2024-03-20,6423.134599,93.08890723188406,215705.92522,69,-1042.5,74,Greed
2024-03-21,2335.5080749999997,83.41100267857142,117895.56306,28,2.818599999998696,78,Extreme Greed
2024-03-24,1297.018477,68.26413036842105,92592.22297,19,9.094947017729282e-13,74,Greed
2024-03-25,1302.916428,186.13091828571427,57116.32732,7,-15.9576,75,Extreme Greed
2024-03-26,3215.906593,27.253445703389833,198565.2084,118,5.0134000000034575,81,Extreme Greed
2024-03-27,150.41114,3.9581878947368416,99864.78379,38,4.3115999999999985,83,Extreme Greed
2024-03-28,227.85100799999998,17.527000615384615,35323.735136,13,5.744600000005448,80,Extreme Greed
2024-03-29,883.097404,58.873160266666666,86914.38673,15,-5.7173,79,Extreme Greed
2024-03-30,1100.57514,24.45722533333333,101103.90474,45,0.0,75,Extreme Greed
2024-03-31,912.786145,70.21431884615384,39912.93963000001,13,-11.0024,75,Extreme Greed
2024-04-01,2507.963406,32.57095332467532,339470.500845,77,33.435799999162555,79,Extreme Greed
2024-04-02,883.760812,21.555141756097562,239664.47561000002,41,5842.5627,79,Extreme Greed
2024-04-03,126.7884,31.6971,16887.5616,4,834.0,71,Greed
2024-04-04,0.0,0.0,95987.71009,32,-28.2843,70,Greed
2024-04-05,10706.484306,107.06484306,503791.831726,100,-6673.762700000007,79,Extreme Greed
2024-04-06,236.33513399999998,14.770945874999999,68223.66744,16,-20.480800000000002,75,Extreme Greed
2024-04-07,0.0,0.0,49988.1611,23,-14.7128,78,Extreme Greed
2024-04-08,1218.4267,40.614223333333335,211940.64508,30,-46.04899999999998,76,Extreme Greed
2024-04-09,0.0,0.0,57063.83727,3,-16.2979,80,Extreme Greed
2024-04-10,5207.443414,127.01081497560976,351735.94638,41,95.4881,78,Extreme Greed
2024-04-11,389.743164,24.35894775,76400.96631999999,16,7.896900000000004,76,Extreme Greed
2024-04-12,-592.6458390000001,-4.594153790697676,442088.595023,129,4845360.4583,79,Extreme Greed
2024-04-13,6621.451755,74.3983343258427,486411.283626,89,48.20100000035018,72,Greed
2024-04-14,-36104.012520000004,-337.4206777570094,659162.167688,107,-27.60980000001291,72,Greed
2024-04-15,3774.08872,92.05094439024391,291111.17707,41,15.909799999993993,74,Greed
2024-04-16,2467.702221,52.504302574468085,181907.20026,47,-24009.0,65,Greed
2024-04-17,2441.4683999999997,174.39059999999998,97562.9796,14,0.0,67,Greed
2024-04-19,1946.4454620000001,55.61272748571429,337257.91968,35,-98.06370000000001,66,Greed
2024-04-20,0.0,0.0,60733.23488,22,363817.1721,66,Greed
2024-04-22,0.0,0.0,47993.62418,9,-14.9861,73,Greed
2024-04-23,1119.536196,16.962669636363636,233054.85759,66,30.175300000002608,71,Greed
2024-04-24,279.185907,13.95929535,141275.21555,20,14.1253,72,Greed
2024-04-25,0.0,0.0,120240.99586000001,74,388643.183,72,Greed
2024-04-26,0.0,0.0,4988.28521,3,-41052.0,70,Greed
2024-04-27,4281.488139,158.57363477777778,154264.46749,27,-47.3826,67,Greed
2024-04-28,0.0,0.0,43985.63142,58,-137073.191,65,Greed
2024-04-29,526.9338359999999,11.709640799999999,108699.00198,45,-32579.8001,67,Greed
2024-04-30,0.0,0.0,125018.74591,24,41.3869,67,Greed
2024-05-01,0.0,0.0,87025.4638,14,29.825,54,Neutral
2024-05-03,5306.017045,147.3893623611111,282682.63886,36,-42289.4724,48,Neutral
2024-05-04,0.0,0.0,58998.751001000004,9,-579928.2829,67,Greed
2024-05-05,0.916,0.15266666666666667,24068.344540000002,6,-7.6288,69,Greed
2024-05-06,968.59038,107.62115333333333,206016.42648,9,49.2126,71,Greed
2024-05-07,883.537693,49.08542738888889,108717.587358,18,539978.3600000001,68,Greed
2024-05-08,1.56576,0.12044307692307693,65973.57249,13,27.883499999999998,64,Greed
2024-05-09,1147.595856,40.985566285714285,221966.12848999997,28,-34635.7596,55,Greed
2024-05-10,2101.741695,95.53371340909092,156881.99536,22,31.610900000000004,66,Greed
2024-05-11,251.604742,27.956082444444444,63248.936779999996,9,-21.641799999999996,53,Neutral
2024-05-12,0.0,0.0,55179.539282,23,-33253.5794,56,Greed
2024-05-13,2136.853859,76.31620925,193118.89158999998,28,-31363.593500000003,57,Greed
2024-05-14,1150.5233050000002,50.02275239130436,145853.40901,23,50.105100000000014,66,Greed
2024-05-15,948.970582,26.360293944444447,234922.58374,36,-38.9884,64,Greed
2024-05-16,214.5898,7.94777037037037,162620.95312999998,27,-26409.6747,70,Greed
2024-05-18,3522.3946610000003,140.89578644000002,126303.14745,25,-21.2391,73,Greed
2024-05-19,0.0,0.0,29998.084300000002,8,9.7416,72,Greed
2024-05-20,-74.818442,-7.4818442,38124.759653,10,-619.2982999999999,70,Greed
2024-05-21,7289.397571999999,58.31518057599999,1100948.58418,125,-16967.582899999998,76,Extreme Greed
2024-05-22,0.0,0.0,44995.28661,6,-12.0525,76,Extreme Greed
2024-05-23,413.347329,1.2718379353846154,401850.593567,325,355520.28579999995,76,Extreme Greed
2024-05-24,821.949278,410.974639,50811.902200000004,2,-13.2158,74,Greed
2024-05-25,14.126038999999999,0.8828774374999999,29991.122934000003,16,6.661999999999352,76,Extreme Greed
2024-05-26,778.6839,48.66774375,53976.68183,16,-4735.0019999999995,75,Extreme Greed
2024-05-27,1129.35587,4.499425776892431,151115.724461,251,53.839999999967404,74,Greed
2024-05-29,277.791953,1.6938533719512194,84268.709095,164,201727.0602,72,Greed
2024-05-30,20.951433,2.9930618571428576,2838.085376,7,544.9398,73,Greed
2024-05-31,25.35812,1.9506246153846154,3636.149459,13,-7.275957614183426e-12,73,Greed
2024-06-01,91.510419,3.66041676,12834.623744,25,0.0,72,Greed
2024-06-02,192.906947,2.074268247311828,29464.546476,93,-5630.499999999998,73,Greed
2024-06-03,562.808208,8.040117257142859,21466.868433,70,5630.5,73,Greed
2024-06-04,52.211438,0.9851214716981133,24243.41788,53,2.2737367544323206e-13,73,Greed
2024-06-05,56.055506,1.038064925925926,25350.75432,54,-2.2737367544323206e-13,75,Extreme Greed
2024-06-06,274.173187,1.1716802863247862,137557.83376,234,0.0,78,Extreme Greed
2024-06-07,8902.467416,20.23288049090909,1098588.8932400001,440,2939.830900000001,77,Extreme Greed
2024-06-08,129.13883900000002,4.453063413793104,97351.86465,29,-2234.7394999999997,72,Greed
2024-06-09,0.0,0.0,22410.216839999997,17,479.66769999999997,75,Extreme Greed
2024-06-10,31.266804999999998,0.589939716981132,46587.90546,53,6.541899999999714,72,Greed
2024-06-11,4320.631811,35.12708789430894,373279.909833,123,8212.583899999998,74,Greed
2024-06-12,-21886.531493,-86.16744682283463,193407.9471,254,653.9999999999964,72,Greed
2024-06-13,6632.757115,83.95895082278481,132577.23353,79,9075.119299999998,70,Greed
2024-06-14,10258.592609,330.9223422258064,139868.6321,31,11996.079300000001,74,Greed
2024-06-15,3369.958346,43.20459417948718,718350.23447,78,-19069.248,74,Greed
2024-06-16,0.0,0.0,25235.095559999998,11,-6131.6,71,Greed
2024-06-17,10599.502375,278.9342730263158,368380.12568,38,25092.2461,71,Greed
2024-06-18,282.57636,11.3030544,263314.82219000004,25,1918.174,74,Greed
2024-06-19,4887.656944,80.12552367213115,417071.12466,61,1139.706500000002,64,Greed
2024-06-20,57478.456026,1473.8065647692308,207990.784464,39,-51788.798200000005,60,Greed
2024-06-21,773.5582039999999,9.66947755,176264.47105999998,80,-6308.900799999999,63,Greed
2024-06-22,756.876565,31.536523541666668,169594.28022,24,-285.8626,53,Neutral
2024-06-23,0.0,0.0,1792.12,5,-578.0,55,Greed
2024-06-24,0.0,0.0,403002.78763000004,31,-171.7973,51,Neutral
2024-06-25,4869.353105,99.3745531632653,103099.07311,49,1179.7999999999993,30,Fear
2024-06-26,4197.732182,58.30183586111111,365190.66183,72,213.42770000000002,46,Neutral
2024-06-27,0.0,0.0,130486.9624,30,-2884.1536,40,Fear
2024-06-29,6150.326145,82.0043486,280095.11999100004,75,875032.0915999999,30,Fear
2024-06-30,0.0,0.0,30520.698599999996,14,-147710.125,47,Neutral
2024-07-01,5065.839308,79.1537391875,362670.14177832,64,480160.8899999999,53,Neutral
2024-07-02,2421.253116,134.514062,33347.468420000005,18,11166.300000000001,51,Neutral
2024-07-03,1118.387284,62.132626888888886,179600.65518,18,256.58119999999997,50,Neutral
2024-07-04,0.0,0.0,430567.99370999995,25,302.99010000000004,44,Fear
2024-07-05,0.0,0.0,272289.87738,32,5354.8189999999995,29,Fear
2024-07-06,108.87217799999999,4.53634075,2490.18429332,24,982715.0,26,Fear
2024-07-07,61.428942,6.1428942,498.75,10,-125.0,29,Fear
2024-07-08,0.0,0.0,497.64,1,156.0,28,Fear
2024-07-09,648.984412,43.265627466666665,2736.4455,15,-600.0,27,Fear
2024-07-10,11977.734907,213.88812333928573,687900.18475,56,-6735.6333,28,Fear
2024-07-11,1876.812082,98.77958326315789,169887.01205999998,19,0.1189,29,Fear
2024-07-12,1412.314654,74.33235021052631,89582.96714000001,19,6408.3182,25,Fear
2024-07-13,2913.617837,171.38928452941175,139189.19196,17,-119.92259999999999,25,Fear
2024-07-14,0.0,0.0,84001.12074,7,-26.2683,33,Fear
2024-07-15,-1.0,-0.038461538461538464,198344.85125,26,-49.84870000000001,52,Neutral
2024-07-16,0.0,0.0,144000.54916,22,-41.7464,65,Greed
2024-07-17,1859.269477,5.297064037037037,626005.51014,351,-10654.66380000001,69,Greed
2024-07-18,3803.884311,63.398071849999994,649704.82814,60,2916.6704,61,Greed
2024-07-19,2155.891114,93.73439626086956,150269.43056,23,-800.5005,60,Greed
2024-07-20,2299.169566,8.643494609022557,244362.21072,266,-15476.5655,74,Greed
2024-07-21,-2960.716887,-6.608743051339286,234307.40842,448,-6020.654699999999,74,Greed
2024-07-22,1517.119876,9.851427766233765,304213.71142,154,6593.633699999999,70,Greed
2024-07-23,89890.302206,242.9467627189189,358526.5282,370,-30807.0812,71,Greed
2024-07-24,625.561479,6.9506831,69207.92880726614,90,94135.42679525,69,Greed
2024-07-25,916.7382600000001,11.753054615384617,528555.3094460242,78,395044.16002000007,68,Greed
2024-07-26,2766.513113,18.200744164473683,548587.650090869,152,205886.68740300002,68,Greed
2024-07-27,6400.623656,112.2916430877193,905199.782580988,57,-2023.2124300000003,72,Greed
2024-07-28,587.29903,36.706189375,43254.660500000005,16,2777.0029000000004,71,Greed
2024-07-29,330.80445399999996,8.482165487179486,327199.14641000004,39,-1169.0000000000005,74,Greed
2024-07-30,0.0,0.0,36006.47697,6,10.926099999999998,67,Greed
2024-07-31,765.690884,17.806764744186047,84506.534086,43,2249.617699999999,61,Greed
2024-08-01,167.080017,2.9312283684210527,227774.51260871076,57,284097.9388565,52,Neutral
2024-08-02,782.3681909999999,12.418542714285714,396320.3565008986,63,68247.84635919999,57,Greed
2024-08-03,464.1897,12.545667567567568,290532.88809492247,37,67871.23526,37,Fear
2024-08-04,-122672.000883,-965.9212667952756,1207744.076719446,127,220727.22438929998,34,Fear
2024-08-05,-13013.665169,-162.6708146125,420495.37342,80,418147.6703,26,Fear
2024-08-06,267.318048,2.4982995140186914,61478.393769969996,107,-40078.57356999998,17,Extreme Fear
2024-08-07,188.789255,5.720886515151515,2492.769600670129,33,-269.61451012,29,Fear
2024-08-08,-40.712216999999995,-4.5235796666666666,16299.355026344874,9,10272.9618618,20,Extreme Fear
2024-08-09,18082.071276,125.56993941666666,503204.82161845063,144,35455.91339999999,48,Neutral
2024-08-10,0.0,0.0,11339.27659695112,88,144955.58043,40,Fear
2024-08-11,847.7766200000001,35.32402583333334,44230.218423,24,95493.7535,39,Fear
2024-08-12,858.6705000000001,17.88896875,54167.3325293208,48,43418.949996,25,Fear
2024-08-13,212.08102,9.220913913043479,20797.882690046135,23,-74866.39050362,31,Fear
2024-08-14,2168.9015130000003,86.75606052,66710.01885611855,25,62732.63877599999,30,Fear
2024-08-15,0.0,0.0,1522.367833,12,47151.0,29,Fear
2024-08-16,825.230544,23.578015542857145,166382.806193,35,68631.8999,27,Fear
2024-08-17,-288.283113,-9.609437100000001,30248.943302,30,177058.15,25,Fear
2024-08-18,307.201888,20.480125866666665,62804.47477449648,15,-23.728805530000002,31,Fear
2024-08-19,339.69958299999996,42.462447874999995,100315.03385,8,0.0,28,Fear
2024-08-20,192.602844,16.050237,49914.79692,12,-8053.6294,30,Fear
2024-08-21,656.200925,4.525523620689655,104990.427218,145,8061.3620999999985,26,Fear
2024-08-23,1005.30527,100.53052699999999,63509.55795,10,-23.667,34,Fear
2024-08-24,0.0,0.0,34999.670079999996,7,-5.73838,56,Greed
2024-08-25,0.0,0.0,21950.275498,17,55152.52373,54,Neutral
2024-08-26,231.236918,38.539486333333336,92611.27523,6,140.9642,55,Greed
2024-08-27,0.0,0.0,70250.16057617421,50,80003.11602,48,Neutral
2024-08-28,1333.359645,148.15107166666667,71160.08737,9,19.876249999999995,30,Fear
2024-08-29,0.0,0.0,9995.8488,1,-0.1644,29,Fear
2024-08-30,256.464,42.744,37233.242888535875,6,-5426.2378444,34,Fear
2024-08-31,10.882801,0.3200823823529412,107507.43109782883,34,-8045.2804,29,Fear
2024-09-01,137.433093,11.452757750000002,12359.663834683,12,2309.67886,26,Fear
2024-09-02,0.0,0.0,30000.424769999998,2,12.3657,26,Fear
2024-09-04,1065.785132,31.346621529411763,131480.94938499999,34,52208.692090000004,27,Fear
2024-09-05,0.0,0.0,0.8427951946369999,1,-10818.93703,29,Fear
2024-09-06,-1104.856765,-26.306113452380952,39047.114830000006,42,-1418.3669,22,Extreme Fear
2024-09-08,0.0,0.0,0.10981749839999999,1,-0.93414,29,Fear
2024-09-09,0.0,0.0,4014.42,2,349080.0,26,Fear
2024-09-10,-219.729659,-73.24321966666666,2547.28609,3,66672.2379,33,Fear
2024-09-11,0.0,0.0,0.5380624473,1,-35870.82982,37,Fear
2024-09-14,0.0,0.0,1014.8075296319199,11,85251.66356,50,Neutral
2024-09-18,-878.684794,-6.059895131034483,13633.51601,145,74294.0,45,Neutral
2024-09-19,0.0,0.0,1521.854026,19,81738.0,49,Neutral
2024-09-20,9585.03428,599.0646425,332873.40741,16,-7602.711109999998,54,Neutral
2024-09-21,36165.56933,1572.416057826087,165648.14804,23,-38533.5,54,Neutral
2024-09-22,0.0,0.0,19999.737970000002,3,0.31897,52,Neutral
2024-09-23,334.760796,167.380398,40334.29548,2,-0.31942,50,Neutral
2024-09-24,0.0,0.0,7118.647723,10,33796.77,54,Neutral
2024-09-25,0.0,0.0,52754.136719999995,9,-668.72141,59,Greed
2024-09-26,439.812513,54.976564125,113711.927413,8,-8342.780780000001,50,Neutral
2024-09-27,0.0,0.0,126097.029356,56,-6413.99333,61,Greed
2024-09-28,0.0,0.0,29199.208700000003,4,-7119.32,64,Greed
2024-09-30,2710.626288,25.571946113207545,214670.00032,106,-9183.155,61,Greed
2024-10-01,0.0,0.0,139954.32129,4,2.25636,50,Neutral
2024-10-02,0.0,0.0,99954.34189,4,1.64099,42,Fear
2024-10-03,100.375782,11.152864666666666,132935.701832,9,1.990389999999934,37,Fear
2024-10-04,0.0,0.0,0.33810461189999996,1,-307.367829,41,Fear
2024-10-05,5767.161892,155.86924032432432,605605.7145409533,37,-2275.6528559999997,49,Neutral
2024-10-06,130.487079,5.9312308636363635,300130.58184,22,-3.52459,50,Neutral
2024-10-07,0.0,0.0,219984.64516000001,21,-3.4539,50,Neutral
2024-10-08,5396.546638,149.90407327777777,434584.1281958693,36,-400.576011,49,Neutral
2024-10-09,396.06272,28.290194285714286,220399.92491,14,1.6255000000000004,49,Neutral
2024-10-10,0.0,0.0,300024.33151,16,5.04899,39,Fear
2024-10-11,8885.327477,341.74336450000004,488904.16735649866,26,-4520.60588,32,Fear
2024-10-12,541.55471,54.155471,159713.39476,10,0.96105,49,Neutral
2024-10-13,0.0,0.0,60002.41658999999,10,0.95706,50,Neutral
2024-10-14,1913.61958,382.72391600000003,61916.017750000006,5,-0.95706,48,Neutral
2024-10-15,1170.2260760000001,167.17515371428573,81173.36482999999,7,0.0,65,Greed
2024-10-16,219.480876,19.95280690909091,80229.16954,11,-1.1102230246251565e-16,73,Greed
2024-10-17,36.11496,4.0127733333333335,140531.75086,9,1.5022600000000002,71,Greed
2024-10-18,333.219141,55.536523499999994,120331.43022,6,-1.4948700000000001,73,Greed
2024-10-19,0.0,0.0,99996.86605000001,4,1.46394,72,Greed
2024-10-20,389.155797,4.05370621875,176447.874719,96,-18152.96394000001,73,Greed
2024-10-21,2464.915564,14.248066843930635,324118.01302,173,16547.516029999984,72,Greed
2024-10-22,0.0,0.0,60000.3603,3,0.8949,70,Greed
2024-10-23,-46.489941,-2.5827745,210006.05804,18,1.053919999999998,71,Greed
2024-10-25,13235.862071,441.19540236666666,427883.18564,30,7996.7307200000005,72,Greed
2024-10-27,666.6623079999999,166.66557699999998,90664.40483,4,-1.33847,74,Greed
2024-10-28,167.28016200000002,12.867704769230771,121495.23672,13,-6180.7549500000005,72,Greed
2024-10-29,801.170876,15.11643162264151,613267.82764,53,-3095.2573299999995,72,Greed
2024-10-30,9.150023,0.36600091999999995,11830.848523,25,-1976.8139,77,Extreme Greed
2024-10-31,1214.043811,25.292579395833332,896173.3526710001,48,6680.887489999998,77,Extreme Greed
2024-11-01,1040.475736,45.238075478260875,260981.03281,23,0.4341899999999441,75,Extreme Greed
2024-11-02,0.0,0.0,39999.9936,2,0.58072,72,Greed
2024-11-03,0.0,0.0,129055.6699,6,129416.61818,74,Greed
2024-11-04,2799.410474,77.76140205555555,451811.99086,36,-129416.5867,70,Greed
2024-11-05,678.4759280000001,67.8475928,200627.22152,10,-1.47219,70,Greed
2024-11-06,2817.83723,187.85581533333334,123906.91204000001,15,0.0,70,Greed
2024-11-07,4493.353136,39.764187044247784,111335.248923,113,-47005.29,77,Extreme Greed
2024-11-08,-64.41354100000007,-1.6516292564102582,270700.42376000003,39,0.0,75,Extreme Greed
2024-11-09,102.90894,1.196615581395349,193384.397206,86,-6352.155400000003,75,Extreme Greed
2024-11-10,991.114334,5.728984589595376,413636.714386,173,-797989.4028900001,78,Extreme Greed
2024-11-11,6749.630996,18.09552545844504,1570572.268259,373,795382.8749000002,76,Extreme Greed
2024-11-12,3494.399394,20.435084175438597,1226354.4955799999,171,10370.724380000014,80,Extreme Greed
2024-11-13,7846.402274,163.46671404166668,515336.40695100004,48,-1689.880290000001,84,Extreme Greed
2024-11-14,4563.509225,41.4864475,1008361.796498,110,0.0,88,Extreme Greed
2024-11-15,4140.740438,27.790204281879195,1427858.505675,149,1024.9799999999977,80,Extreme Greed
2024-11-16,2769.521909,17.640266936305732,303296.101346,157,526.8159400000004,86,Extreme Greed
2024-11-17,882.975285,4.224762129186603,1215987.528332,209,-8195.461369999997,90,Extreme Greed
2024-11-18,4470.815187,12.921431176300578,2084339.59982066,346,-74104.81913000002,83,Extreme Greed
2024-11-19,2958.268991,9.699242593442623,628031.1904862984,305,-5163.496249999967,90,Extreme Greed
2024-11-20,4210.0928969999995,7.654714358181818,1999514.154817,550,10952.93874999974,83,Extreme Greed
2024-11-21,1692.430891,3.1634222261682243,598300.558755,535,208396.2259699991,82,Extreme Greed
2024-11-22,-18105.345617,-26.664721085419732,1646713.6355,679,-13077.20389000047,94,Extreme Greed
2024-11-23,2901.531638,7.993200104683195,516245.725623,363,39651.92449999985,93,Extreme Greed
2024-11-24,945.550386,5.497385965116279,664952.281453,172,142532.44608999998,80,Extreme Greed
2024-11-25,5523.740734,21.66172836862745,937410.852452,255,-366738.76746,82,Extreme Greed
2024-11-26,1094.809359,3.6251965529801327,1146902.403842,302,144781.4029600001,79,Extreme Greed
2024-11-27,-2654.495633,-12.462420812206572,1444242.525653,213,-142730.58755000003,75,Extreme Greed
2024-11-28,-127075.39958499999,-382.75722766566264,1894225.11699,332,-2731.7900199999967,77,Extreme Greed
2024-11-29,176844.994152,449.98726247328244,794262.90333934,393,-247593.02416,78,Extreme Greed
2024-11-30,37316.69352,100.04475474530831,1732193.6593480066,373,-196820.68950435,84,Extreme Greed
2024-12-01,40886.364494,98.28453003365385,814711.9570724809,416,-3251199.4835200105,81,Extreme Greed
2024-12-02,18489.604313,68.48001597407408,585243.4758392512,270,18884.60141999999,80,Extreme Greed
2024-12-03,23576.539285,63.03887509358289,1084666.510653,374,-11033.600279999984,76,Extreme Greed
2024-12-04,292891.815021,918.1561599404388,769287.6978940717,319,-124777.7085523894,78,Extreme Greed
2024-12-05,71574.11848800001,156.96078615789474,1256750.7987900001,456,16655.02261,84,Extreme Greed
2024-12-06,-92624.643895,-229.83782604218362,3471019.3051,403,-21867.20564,72,Greed
2024-12-07,85906.279067,282.5864442993421,451733.35789760563,304,-29505.583531779936,75,Extreme Greed
2024-12-08,15965.933436,38.014127228571425,932939.660374,420,-584704.4485,79,Extreme Greed
2024-12-09,6310.967676,11.708659881261596,983949.726508,539,-32656.03665000001,78,Extreme Greed
2024-12-10,39325.770231,24.640206911654136,3150423.8495111354,1596,-69444.27659330005,78,Extreme Greed
2024-12-11,319051.554217,261.30348420720725,2194098.364461,1221,-42252.701830000005,74,Greed
2024-12-12,599151.795008,310.1199767122153,4557189.73703446,1932,-278704.59732000006,83,Extreme Greed
2024-12-13,31935.901745,27.22583268968457,2880824.535528,1173,176572.05844000005,76,Extreme Greed
2024-12-14,167801.399244,135.87157833522267,2369561.7912950674,1235,54165.76307429999,83,Extreme Greed
2024-12-15,97525.315279,57.4692488385386,2583269.80463575,1697,-673708.36146,80,Extreme Greed
2024-12-16,166774.344133,158.07994704549765,2740808.9615622945,1055,-12025.98630525,83,Extreme Greed
2024-12-17,219591.305172,113.13307839876352,5233597.723958275,1941,-24487.482226070017,87,Extreme Greed
2024-12-18,13682.994673,9.575223703988803,3798887.0894005722,1429,-121717.17051105999,81,Extreme Greed
2024-12-19,62744.004486000005,18.79125621024259,8241709.511445015,3339,121738.73831617087,75,Extreme Greed
2024-12-20,254969.660039,102.47976689670418,7681274.81126886,2488,45688.61840985005,74,Greed
2024-12-21,150022.163157,89.24578415050566,4382875.0773546,1681,-32603.137409999996,73,Greed
2024-12-22,352197.163973,455.03509557235145,3087320.219224,774,-255587.68042999995,73,Greed
2024-12-23,-29430.626577,-12.53967898466127,6771878.43537355,2347,180158.02919000003,70,Greed
2024-12-24,14813.780116,43.827751822485205,1767036.1242604079,338,-127263.59884992999,73,Greed
2024-12-25,756.6570469999998,3.637774264423076,347889.27224130736,208,-96296.11290000002,73,Greed
2024-12-26,60228.639722,86.41124780774749,2205242.687897,697,164339.76029000006,79,Extreme Greed
2024-12-27,2672.811035,10.280042442307693,347912.9494670144,260,24930.030805839997,74,Greed
2024-12-28,940.673623,5.842693310559007,281555.105363,161,348.1311600000008,72,Greed
2024-12-29,2884.067927,14.348596651741294,344628.494552,201,-106563.93951,73,Greed
2024-12-30,9009.738137,29.637296503289473,1073865.740501,304,-51942.84757,65,Greed
2024-12-31,5445.01281,17.794159509803922,877164.63378,306,-7054.835099999793,64,Greed
2025-01-01,-9528.065345,-99.25068067708334,282582.080708,96,-6948.5634800000025,66,Greed
2025-01-02,8716.519087,24.145482235457067,774674.85594,361,-116965.73577999999,70,Greed
2025-01-03,6028.486793,11.867099986220472,771209.104457,508,-173240.07229999997,74,Greed
2025-01-04,2553.537968,6.882851665768194,1826029.677386,371,-108878.00435999998,73,Greed
2025-01-05,3187.719363,13.337737920502093,451943.5077764512,239,-196373.31530999998,72,Greed
2025-01-06,6064.185393,10.583220581151831,556527.062831,573,-279603.23112,76,Extreme Greed
2025-01-07,16098.227531,25.271942748822607,1313178.1710339999,637,783786.7529699997,78,Extreme Greed
2025-01-08,130117.090554,125.23300342059672,3177275.100449,1039,718352.37191,70,Greed
2025-01-09,46975.928902,89.99220096168582,1020733.193007,522,-252171.59693999996,69,Greed
2025-01-10,-10116.875552,-12.352717401709402,6547449.582684,819,171796.91333000013,50,Neutral
2025-01-11,2269.080536,8.017952424028268,1658098.721674,283,2113.2526399999842,69,Greed
2025-01-12,5742.241803,9.538607646179402,2258459.379615,602,-662382.687,62,Greed
2025-01-13,9655.429352,23.66526801960784,2936648.0209072023,408,234857.2392399999,61,Greed
2025-01-14,16069.512355,58.43459038181818,876582.0223750001,275,-56949.15759,63,Greed
2025-01-15,14819.5883,55.50407602996255,1801599.901969,267,-184929.01506,70,Greed
2025-01-16,20807.709328,56.08546988679245,3049692.8926330176,371,-76711.76517999999,75,Extreme Greed
2025-01-17,7006.415608,29.43872104201681,1110230.4997699999,238,-171070.09804999997,75,Extreme Greed
2025-01-18,443.2330819999997,0.6808495883256523,2711629.918111687,651,20293.9831999999,77,Extreme Greed
2025-01-19,87923.799302,56.10963580216975,9715215.049641617,1567,-48732.67536000005,77,Extreme Greed
2025-01-20,87277.239173,66.37052408593155,8287326.896812,1315,255952.26031999988,76,Extreme Greed
2025-01-21,11077.839421,20.901583813207548,1523729.631836115,530,-334654.25714999996,76,Extreme Greed
2025-01-22,20524.408057,24.66875968389423,1778406.180462,832,-250301.28471999988,84,Extreme Greed
2025-01-23,101256.24216,83.13320374384236,3697028.66398268,1218,416252.2130399998,75,Extreme Greed
2025-01-24,10602.779738,12.131326931350113,1611433.4707741083,874,-137267.20519,75,Extreme Greed
2025-01-25,-10348.016255999999,-20.450625011857706,1239377.678231,506,315995.11523999996,75,Extreme Greed
2025-01-26,40823.466668,90.51766445232816,1201173.584255,451,-233557.33000000007,73,Greed
2025-01-27,41331.765392,53.469295461837,1508028.281058,773,193226.92369000008,71,Greed
2025-01-28,17979.613973,36.103642516064255,579412.0645028818,498,-14772.630546229426,72,Greed
2025-01-29,23421.01147,25.737375241758244,1897513.272527,910,-92796.70849999972,72,Greed
2025-01-30,23097.471385,21.64711470009372,3014397.231249,1067,-143977.54244,70,Greed
2025-01-31,35868.296773,35.303441705708664,2783411.415887,1016,-208980.32388999965,76,Extreme Greed
2025-02-01,32300.205017,50.946695610410096,1363746.251289,634,54293.54052999988,68,Greed
2025-02-02,162854.759623,123.46835452843062,5661092.351257195,1319,21944.491509999847,60,Greed
2025-02-03,348871.326269,146.58459086932774,22592901.397937045,2380,579302.3513503298,44,Fear
2025-02-04,416876.88812,165.9541752070064,15678409.382138,2512,-162346.36834000004,72,Greed
2025-02-05,56706.235562,43.721075992289904,8743231.55327,1297,83686.16480000003,54,Neutral
2025-02-06,33803.799733,19.84955944392249,2818508.789804,1703,140281.27788000018,49,Neutral
2025-02-07,22450.002091,14.730972500656167,3460263.544349,1524,149653.04478000104,44,Fear
2025-02-08,586.703253,1.0203534834782608,839735.3870250001,575,35393.196430000244,44,Fear
2025-02-09,150551.829492,197.05736844502616,2920919.6308292,764,601689.0327199998,46,Neutral
2025-02-10,63908.49465,71.88807047244094,3624958.646305,889,-123206.79765000008,43,Fear
2025-02-11,-6093.784817,-7.186067001179245,2797544.226785,848,-1145961.9960999999,47,Neutral
2025-02-12,19848.635032,19.251828353055284,4143974.446796168,1031,78970.58830000018,46,Neutral
2025-02-13,27829.534238,20.313528640875912,3199852.209671,1370,-162192.7538799988,50,Neutral
2025-02-14,213860.675308,129.22095184773414,4007103.2442844,1655,-146558.11188,48,Neutral
2025-02-15,45042.92701,48.32932082618026,1712852.9726,932,330538.84648000076,50,Neutral
2025-02-16,2369.478425,3.4794103157121876,806177.54267,681,31439.410340000002,54,Neutral
2025-02-17,1818.573295,1.9325964877789585,2031044.5278709999,941,-41990.790689999994,51,Neutral
2025-02-18,91204.672403,54.418062292959426,3371128.755508,1676,103989.80320999771,47,Neutral
2025-02-19,14985.794701,11.010870463629685,3263930.31753133,1361,4319.45041000098,44,Fear
2025-02-20,46008.794102,22.867193887673956,4628609.276245,2012,-69294.06917000096,49,Neutral
2025-02-21,119693.49395,63.904695114789114,3972159.9927710197,1873,384647.36723,55,Greed
2025-02-22,25278.704178,36.849423,3175570.174686,686,-2390816.71574,49,Neutral
2025-02-23,10656.934251,20.494104328846156,1141310.664357,520,-175015.9707800001,50,Neutral
2025-02-24,38470.176242,6.850102607193732,11223619.8034631,5616,-587725.23,49,Neutral
2025-02-25,204762.177034,32.782929400256165,19414984.756965,6246,1040623.6026600006,25,Fear
2025-02-26,63229.063129,53.76621014370748,4946957.969294,1176,-394927.25279000006,21,Extreme Fear
2025-02-27,-36525.167517,-41.039514064044944,1999898.305549,890,40395.35866999996,10,Extreme Fear
2025-02-28,225628.108748,221.4211077016683,4123660.762637,1019,108302.06042000002,16,Extreme Fear
2025-03-01,10596.108968,60.897177977011495,263824.12591388,174,-164367.97708563,20,Extreme Fear
2025-03-02,66914.320708,125.77879832330827,6460848.75823,532,-52725.80210999999,26,Fear
2025-03-03,616413.032233,415.9332201302294,8244590.617822,1482,195901.22397999978,33,Fear
2025-03-04,182075.566585,75.80165136761032,11124247.007898001,2402,820566.13812,15,Extreme Fear
2025-03-05,269328.365917,162.24600356445782,9193653.8498,1660,-260567.58262,20,Extreme Fear
2025-03-06,16101.125561,21.18569152763158,6765325.028567,760,11138.122930000012,25,Fear
2025-03-07,150236.061627,58.86993010462382,19854275.554943,2552,-33332.58432000014,34,Fear
2025-03-08,24700.773359,46.69333338185255,892083.4479949999,529,52271.51703000208,28,Fear
2025-03-09,19773.457395,13.905384947257385,10419697.999238,1422,127628.80604,27,Fear
2025-03-10,-10010.027269999999,-3.438690233596702,16811790.415495,2911,199795.07239000004,20,Extreme Fear
2025-03-11,-76880.729036,-23.3964482763238,14016952.17719,3286,61184.18567999825,24,Extreme Fear
2025-03-12,288105.984215,72.60735489289314,18618139.113543,3968,-25026.44321999885,34,Fear
2025-03-13,14114.870873,14.672422944906446,3285591.083667,962,-8670.211410000047,45,Neutral
2025-03-14,68646.160089,31.061610899999998,8047187.3251942545,2210,-203410.39106,27,Fear
2025-03-15,78694.624572,301.51197154022987,2355749.524356,261,-72273.20527000027,46,Neutral
2025-03-16,-7910.943544999999,-14.926308575471696,10187921.386796,530,27292.530260000058,30,Fear
2025-03-17,26163.906513,28.439028818478263,3592895.2260114,920,-149065.32440999988,32,Fear
2025-03-18,72322.788824,86.71797221103118,4050655.349877,834,-310499.8903099999,34,Fear
2025-03-19,29374.682341,18.222507655707197,4598813.831943,1612,-380564.66823999997,32,Fear
2025-03-20,10246.859436,13.290349463035021,1652257.889713,771,-159997.18563999998,49,Neutral
2025-03-21,6951.270374,9.958840077363897,2543903.513556,698,-15857.534249999793,31,Fear
2025-03-22,12498.535254,23.361748138317758,971809.293555,535,11624.151930000051,32,Fear
2025-03-23,14047.421585,31.425999071588368,2593519.577109,447,-54303.97000000003,30,Fear
2025-03-24,107878.961301,105.04280555111977,3017587.067773,1027,-550846.5334000001,45,Neutral
2025-03-25,32030.90678,40.49419314791403,5372519.7425110005,791,233946.84883000003,46,Neutral
2025-03-26,15802.167427,5.094186791424887,7597754.2762050005,3102,-410374.5176499998,47,Neutral
2025-03-27,58825.359221,74.9367633388535,3240279.56362,785,30688.296509999956,40,Fear
2025-03-28,21337.179335,29.30931227335165,1483092.730849,728,981137.5802299997,44,Fear
2025-03-29,12098.872931,6.38800049155227,3668151.720227,1894,56226.228720000014,26,Fear
2025-03-30,15795.11514,27.8083013028169,2850874.991526816,568,613469.3224030602,32,Fear
2025-03-31,6978.184557,14.097342539393939,2164772.575714,495,1032996.7225599997,34,Fear
2025-04-01,-2202.6622420000003,-11.472199177083334,704445.12239,192,-456204.31278,34,Fear
2025-04-02,202212.740938,187.930056633829,3867930.737374,1076,-499941.0071799997,44,Fear
2025-04-03,-2365.961276,-1.353524757437071,8670233.201231001,1748,542141.39659,25,Fear
2025-04-04,-25515.678949999998,-20.05949602987421,3835545.73728,1272,-413431.73229,28,Fear
2025-04-05,35907.33771,99.74260475,1267564.24297765,360,-987484.15645985,30,Fear
2025-04-06,47053.449272,44.89832945801527,3551252.0569633464,1048,166615.16070677998,34,Fear
2025-04-07,34527.370305,12.269854408315563,14460253.178459,2814,-775556.5792400001,23,Extreme Fear
2025-04-08,34899.394798,37.00890222481442,8869391.44792445,943,781359.72074735,24,Extreme Fear
2025-04-09,43120.444797,10.86978694151752,28556805.94634,3967,431333.3246800001,18,Extreme Fear
2025-04-10,158261.822261,74.40612236060178,28741953.615789194,2127,-251461.84620768367,39,Fear
2025-04-11,126406.479081,115.33437872354014,11319327.182071,1096,-381133.01696000004,25,Fear
2025-04-12,410419.694533,194.60393292223802,55914617.530629,2109,-129857.41472999996,43,Fear
2025-04-13,48696.021521,36.86299888039364,14171154.5799719,1321,-12072.767508100253,45,Neutral
2025-04-14,45680.443063,51.32634052022472,13079972.788512,890,-1207.3930900000123,31,Fear
2025-04-15,72357.706282,63.976751796640144,20752167.96382805,1131,26719.248743500008,38,Fear
2025-04-16,58631.730257,36.46251881654229,36502715.738832,1608,-305109.41339999996,29,Fear
2025-04-17,5427.919886,5.264713759456837,2604551.508962,1031,-575096.8253899999,30,Fear
2025-04-18,4880.4047439999995,2.576771248152059,24610650.418877,1894,-224362.09577,33,Fear
2025-04-19,71950.577495,25.82576363783202,32706462.99787461,2786,-284502.6466423904,32,Fear
2025-04-20,25060.341936,12.643966668012109,12126094.1101076,1982,738748.4946405,37,Fear
2025-04-21,34369.267906999994,20.005394590803256,42104054.805227004,1718,293416.8434000005,39,Fear
2025-04-22,58652.763578,19.563963835223483,33753625.25389654,2998,-16097042.9985747,47,Neutral
2025-04-23,-419020.225731,-68.03380836678032,30682443.718835,6159,16200408.056800004,72,Greed
2025-04-24,50704.395965,22.717023281810036,35088918.521418,2232,2324658.9896100005,63,Greed
2025-04-25,20218.859206,12.231614764670297,27749456.11413418,1653,-1447710.0426993999,60,Greed
2025-04-26,-4125.753942,-3.6478814694960215,11948127.616027,1131,194514.73632000014,65,Greed
2025-04-27,2702.067468,8.018004356083086,487537.776236,337,2184646.36392,61,Greed
2025-04-28,36906.813759,26.763461754169686,26124921.623683,1379,38764.89518000002,54,Neutral
2025-04-29,125749.613427,56.06313572313866,34089511.400916,2243,-101838.44832999998,60,Greed
2025-04-30,14003.797269,12.582028094339623,12693878.608166,1113,79932.28082999999,56,Greed
2025-05-01,54536.829297000004,44.338885607317074,10720240.60794,1230,-43783.52591,53,Neutral
